"Message",Low,"Starting .NET Native compilation"
"Message",Low,""
"Message",Low,""
"Message",Low,"Task ""Gatekeeper"""
"Message",Normal,"Launching 'C:\Program Files (x86)\Microsoft SDKs\UWPNuGetPackages\runtime.win10-x64.microsoft.net.native.compiler\2.2.8-rel-28605-00\tools\x64\ilc\ilc.exe --gatekeeper @""C:\Users\te20ha3\source\repos\CNG Matvisare v2\CNG Matvisare v2\obj\x64\Release\ilc\intermediate\gkargs.rsp""'"
"Message",Low,"Microsoft (R) .NET Native Gatekeeper Version 2.2.28605.00 "
"Message",Low,"Copyright (C) Microsoft Corporation.  All rights reserved. "
"Message",Low," "
"Message",Low,"ILCTelemetry: System.ArgumentException: Could not deserialize to TelemetrySession object"
"Message",Low,"Parameternamn: serializedSession ---> System.Runtime.Serialization.SerializationException: Ett fel intr�ffade n�r objekt av typen Microsoft.VisualStudio.Telemetry.TelemetrySessionSettings. avserialiserades. Token "" f�rv�ntades men I hittades. ---> System.Xml.XmlException: Token "" f�rv�ntades men I hittades."
"Message",Low,"   vid System.Xml.XmlExceptionHelper.ThrowXmlException(XmlDictionaryReader reader, String res, String arg1, String arg2, String arg3)"
"Message",Low,"   vid System.Xml.XmlExceptionHelper.ThrowTokenExpected(XmlDictionaryReader reader, String expected, Char found)"
"Message",Low,"   vid System.Runtime.Serialization.Json.XmlJsonReader.ReadServerTypeAttribute(Boolean consumedObjectChar)"
"Message",Low,"   vid System.Runtime.Serialization.Json.XmlJsonReader.ReadAttributes()"
"Message",Low,"   vid System.Runtime.Serialization.Json.XmlJsonReader.ReadNonExistentElementName(StringHandleConstStringType elementName)"
"Message",Low,"   vid System.Runtime.Serialization.Json.XmlJsonReader.Read()"
"Message",Low,"   vid System.Xml.XmlBaseReader.IsStartElement()"
"Message",Low,"   vid System.Xml.XmlBaseReader.IsStartElement(XmlDictionaryString localName, XmlDictionaryString namespaceUri)"
"Message",Low,"   vid System.Runtime.Serialization.XmlReaderDelegator.IsStartElement(XmlDictionaryString localname, XmlDictionaryString ns)"
"Message",Low,"   vid System.Runtime.Serialization.XmlObjectSerializer.IsRootElement(XmlReaderDelegator reader, DataContract contract, XmlDictionaryString name, XmlDictionaryString ns)"
"Message",Low,"   vid System.Runtime.Serialization.Json.DataContractJsonSerializer.InternalIsStartObject(XmlReaderDelegator reader)"
"Message",Low,"   vid System.Runtime.Serialization.Json.DataContractJsonSerializer.InternalReadObject(XmlReaderDelegator xmlReader, Boolean verifyObjectName)"
"Message",Low,"   vid System.Runtime.Serialization.XmlObjectSerializer.InternalReadObject(XmlReaderDelegator reader, Boolean verifyObjectName, DataContractResolver dataContractResolver)"
"Message",Low,"   vid System.Runtime.Serialization.XmlObjectSerializer.ReadObjectHandleExceptions(XmlReaderDelegator reader, Boolean verifyObjectName, DataContractResolver dataContractResolver)"
"Message",Low,"   --- Slut p� stacksp�rning f�r interna undantag ---"
"Message",Low,"   vid System.Runtime.Serialization.XmlObjectSerializer.ReadObjectHandleExceptions(XmlReaderDelegator reader, Boolean verifyObjectName, DataContractResolver dataContractResolver)"
"Message",Low,"   vid System.Runtime.Serialization.Json.DataContractJsonSerializer.ReadObject(XmlDictionaryReader reader)"
"Message",Low,"   vid System.Runtime.Serialization.Json.DataContractJsonSerializer.ReadObject(Stream stream)"
"Message",Low,"   vid Microsoft.VisualStudio.Telemetry.TelemetrySessionSettings.Deserialize(String settings)"
"Message",Low,"   vid Microsoft.VisualStudio.Telemetry.TelemetrySessionSettings.Parse(String serializedSession)"
"Message",Low,"   --- Slut p� stacksp�rning f�r interna undantag ---"
"Message",Low,"   vid Microsoft.VisualStudio.Telemetry.TelemetrySessionSettings.Parse(String serializedSession)"
"Message",Low,"   vid ILCTelemetry.Program.ReadEvents()"
"Message",Low,"   vid ILCTelemetry.Program.Main(String[] args)"
"Message",Low,"Checking assembly 'C:\Users\te20ha3\source\repos\CNG Matvisare v2\CNG Matvisare v2\obj\x64\Release\ilc\in\CNG Matvisare v2.exe'. "
"Message",Normal,"'C:\Program Files (x86)\Microsoft SDKs\UWPNuGetPackages\runtime.win10-x64.microsoft.net.native.compiler\2.2.8-rel-28605-00\tools\x64\ilc\ilc.exe --gatekeeper @""C:\Users\te20ha3\source\repos\CNG Matvisare v2\CNG Matvisare v2\obj\x64\Release\ilc\intermediate\gkargs.rsp""' completed."
"Message",Normal,"Process execution statistics (all times in milliseconds)"
"Message",Normal,"-----------------------------------------------------------------------------"
"Message",Normal,"launch  |  start   |   stop   |   end    | duration | lifetime | [slot] name"
"Message",Normal,"-----------------------------------------------------------------------------"
"Message",Normal,"       0 |        0 |      187 |      187 |      187 |      187 | [0] Gatekeeper"
"Message",Normal,"Number of commands:      1"
"Message",Normal,"Total system time:       187 ms"
"Message",Normal,"System time per command: 187 ms"
"Message",Normal,"Total duration:          187 ms"
"Message",Normal,"Total lifetime:          187 ms"
"Message",Normal,"Requested DOP:           8"
"Message",Normal,"Duration DOP:            1,0"
"Message",Normal,"Lifetime DOP:            1,0"
"Message",Low,"Done executing task ""Gatekeeper""."
"Message",Low,"Done building target ""RunGatekeeper"" in file ""Preparation""."
"Message",Low,""
"Message",Low,"Done building target ""CreateToolchainGeneratedAssembly"" in file ""Preparation""."
"Message",Low,""
"Message",Low,"Task ""PreMergeAssemblyClosure"""
"Message",Low,"Done executing task ""PreMergeAssemblyClosure""."
"Message",Low,"Done building target ""ConstructPreMergeAssemblyClosure"" in file ""Preparation""."
"Message",Low,""
"Message",Low,"Task ""McgReferenceResolveFilePath"""
"Message",Low,"Done executing task ""McgReferenceResolveFilePath""."
"Message",Low,"Done building target ""PreResolveTransforms"" in file ""Preparation""."
"Message",Low,""
"Message",Low,"Task ""ResolveToolchainRequiredAssemblyRoots"""
"Message",Low,"Done executing task ""ResolveToolchainRequiredAssemblyRoots""."
"Message",Low,"Task ""ILTransformAssemblyClosure"""
"Message",Low,"Done executing task ""ILTransformAssemblyClosure""."
"Message",Low,"Task ""ResolveToolchainRequiredAssemblyRoots"""
"Message",Low,"Done executing task ""ResolveToolchainRequiredAssemblyRoots""."
"Message",Low,"Task ""ReducedCopyAssemblyClosure"""
"Message",Low,"Done executing task ""ReducedCopyAssemblyClosure""."
"Message",Low,"Done building target ""ConstructILTransformAssemblyClosure"" in file ""Preparation""."
"Message",Low,"Done building project ""Preparation""."
"Message",Low,""
"Message",Low,""
"Message",High,"Processing application code"
"Message",Low,"Task ""RunILTransforms"""
"Message",Normal,"Running 'DumpNativeResources' transform, heap at 42 MB."
"Message",Normal,"Running 'Analysis' transform, heap at 57 MB."
"Message",Low,"Loading 45 modules..."
"Message",Normal,"Imported reflection directives from 7 files:"
"Message",Normal,"C:\Users\te20ha3\source\repos\CNG Matvisare v2\CNG Matvisare v2\obj\x64\Release\ilc\in\Properties\Default.rd.xml"
"Message",Normal,"Embedded manifest in System.Private.Interop: Resources.System.Private.Interop.rd.xml"
"Message",Normal,"Embedded manifest in System.Private.WinRTInterop.CoreLib: Resources.System.Private.WinRTInterop.CoreLib.rd.xml"
"Message",Normal,"Embedded manifest in System.Runtime.WindowsRuntime.UI.Xaml: Resources.System.Runtime.WindowsRuntime.UI.Xaml.rd.xml"
"Message",Normal,"Embedded manifest in System.Private.CoreLib: Resources.System.Private.CoreLib.rd.xml"
"Message",Normal,"Embedded manifest in System.Private.Uri: Resources.System.Private.Uri.rd.xml"
"Message",Normal,"Embedded manifest in System.Private.Reflection.Core: System.Private.Reflection.Core.rd.xml"
"Message",Normal,"Imported XAML Roots from 1 files:"
"Message",Normal,"C:\Users\te20ha3\source\repos\CNG Matvisare v2\CNG Matvisare v2\obj\x64\Release\ilc\in\CNG Matvisare v2.xr.xml"
"Message",Normal,"Running 'Mcg' transform, heap at 198 MB."
"Message",High,"Computing application closure and generating interop code"
"Message",High,"  Loading 45 modules..."
"Message",Normal,"          P/Invoke 'RhpGetFuncEvalParameterBufferSize' with [DllImport(ExactSpelling=true)] resolved to '[MRT]!RhpGetFuncEvalParameterBufferSize'."
"Message",Normal,"          P/Invoke 'RhpGetFuncEvalMode' with [DllImport(ExactSpelling=true)] resolved to '[MRT]!RhpGetFuncEvalMode'."
"Message",Normal,"          P/Invoke 'RhpRecordDebuggeeInitiatedHandle' with [DllImport(ExactSpelling=true)] resolved to '[MRT]!RhpRecordDebuggeeInitiatedHandle'."
"Message",Normal,"          P/Invoke 'RhpVerifyDebuggerCleanup' with [DllImport(ExactSpelling=true)] resolved to '[MRT]!RhpVerifyDebuggerCleanup'."
"Message",Normal,"          P/Invoke 'RhpGetCurrentThread' with [DllImport(ExactSpelling=true)] resolved to '[MRT]!RhpGetCurrentThread'."
"Message",Normal,"          P/Invoke 'RhWaitForPendingFinalizers' with [DllImport(ExactSpelling=true)] resolved to '[MRT]!RhWaitForPendingFinalizers'."
"Message",Normal,"          P/Invoke 'RhYield' with [DllImport(ExactSpelling=true)] resolved to '[MRT]!RhYield'."
"Message",Normal,"          P/Invoke 'RhFlushProcessWriteBuffers' with [DllImport(ExactSpelling=true)] resolved to '[MRT]!RhFlushProcessWriteBuffers'."
"Message",Normal,"          P/Invoke 'RhCompatibleReentrantWaitAny' with [DllImport(ExactSpelling=true)] resolved to '[MRT]!RhCompatibleReentrantWaitAny'."
"Message",Normal,"          P/Invoke 'RhCallDescrWorker' with [DllImport(ExactSpelling=true)] resolved to '[MRT]!RhCallDescrWorker'."
"Message",Normal,"          P/Invoke '_ecvt_s' with [DllImport(ExactSpelling=true)] resolved to '[MRT]!_ecvt_s'."
"Message",Normal,"          P/Invoke 'memmove' with [DllImport(ExactSpelling=true)] resolved to '[MRT]!memmove'."
"Message",Normal,"          P/Invoke 'memset' with [DllImport(ExactSpelling=true)] resolved to '[MRT]!memset'."
"Message",Normal,"          P/Invoke 'CallingConventionConverter_GetStubs' with [DllImport(ExactSpelling=true)] resolved to '*!CallingConventionConverter_GetStubs'."
"Message",Normal,"          P/Invoke 'WindowsCreateStringReference' resolved to 'WindowsCreateStringReference!api-ms-win-core-winrt-string-l1-1-0.dll' from 'SupportedAPIs.xml'."
"Message",Normal,"          P/Invoke 'GetLastError' resolved to 'GetLastError!api-ms-win-core-errorhandling-l1-1-0.dll' from 'SupportedAPIs.xml'."
"Message",Normal,"          P/Invoke 'SetLastError' resolved to 'SetLastError!api-ms-win-core-errorhandling-l1-1-0.dll' from 'SupportedAPIs.xml'."
"Message",Normal,"          P/Invoke 'RoInitialize' resolved to 'RoInitialize!api-ms-win-core-winrt-l1-1-0.dll' from 'SupportedAPIs.xml'."
"Message",Normal,"          P/Invoke 'IsValidLocaleName' resolved to 'IsValidLocaleName!api-ms-win-core-localization-l1-2-0.dll' from 'SupportedAPIs.xml'."
"Message",Normal,"          P/Invoke 'ResolveLocaleName' resolved to 'ResolveLocaleName!api-ms-win-core-localization-l1-2-0.dll' from 'SupportedAPIs.xml'."
"Message",Normal,"          P/Invoke 'GetCPInfoExW' resolved to 'GetCPInfoExW!kernel32.dll' from 'SupportedAPIs.xml'."
"Message",Normal,"          P/Invoke 'CoCreateInstance' resolved to 'CoCreateInstance!api-ms-win-core-com-l1-1-0.dll' from 'SupportedAPIs.xml'."
"Message",Normal,"          P/Invoke 'SysFreeString' resolved to 'SysFreeString!OleAut32' from 'SupportedAPIs.xml'."
"Message",Normal,"          P/Invoke 'RoGetBufferMarshaler' resolved to 'RoGetBufferMarshaler!api-ms-win-core-winrt-robuffer-l1-1-0.dll' from 'SupportedAPIs.xml'."
"Message",High,"  Generating code..."
"Message",High,"  Interop code generated."
"Message",Normal,"  Written code to AssemblyInfo.g.cs"
"Message",Normal,"  Written code to Adapters.g.cs"
"Message",Normal,"  Written code to Data.g.cs"
"Message",Normal,"  Written code to Helpers.g.cs"
"Message",Normal,"  Written code to ImplTypes.g.cs"
"Message",Normal,"  Written code to PInvoke.g.cs"
"Message",Normal,"  Written code to SafeTypes.g.cs"
"Message",Normal,"  Written code to SharedStubs.g.cs"
"Message",Normal,"Running 'GenerateCodeAndCompile' transform, heap at 188 MB."
"Message",High,"Compiling interop code"
"Message",Normal,"Compiling generated source code: C:\Program Files (x86)\Microsoft SDKs\UWPNuGetPackages\microsoft.net.native.compiler\2.2.8-rel-28605-00\tools\csc\csc.exe /noconfig @""C:\Users\te20ha3\source\repos\CNG Matvisare v2\CNG Matvisare v2\obj\x64\Release\ilc\intermediate\CNG Matvisare v2.McgInterop.rsp"""
"Message",High,"Generating System.Reflection.DispatchProxy proxy code."
"Message",Normal,"Running 'ReducedCopyInitialize' transform, heap at 188 MB."
"Message",Normal,"Running 'ReducedCopyEmptyTypes' transform, heap at 203 MB."
"Message",Normal,"Running 'ReducedCopyPopulateTypes' transform, heap at 205 MB."
"Message",Normal,"Running 'ReducedCopyLateMetadata' transform, heap at 213 MB."
"Message",Normal,"Running 'ReducedCopyPassResourcesToMutableAssembly' transform, heap at 223 MB."
"Message",Normal,"Running 'ReducedCopyMethodBodies' transform, heap at 223 MB."
"Message",Normal,"Running 'ReducedCopyComplete' transform, heap at 167 MB."
"Message",Normal,"Running 'ReducedCopyCleanup' transform, heap at 176 MB."
"Message",Normal,"Running 'DeveloperExperienceModeOnlyCodeRemover' transform, heap at 176 MB."
"Message",Normal,"Running 'ComImportDetector' transform, heap at 176 MB."
"Message",Normal,"Running 'McgAccessor' transform, heap at 176 MB."
"Message",Normal,"Running 'McgRedirect' transform, heap at 176 MB."
"Message",Normal,"Running 'McgRedirect' transform, heap at 178 MB."
"Message",Normal,"Running 'McgTypeOf' transform, heap at 178 MB."
"Message",Normal,"Running 'EventSource' transform, heap at 180 MB."
"Message",Normal,"Running 'ValueType' transform, heap at 180 MB."
"Message",Normal,"Running 'Attribute' transform, heap at 180 MB."
"Message",Normal,"Running 'GetType' transform, heap at 180 MB."
"Message",Normal,"Running 'McgFixups' transform, heap at 181 MB."
"Message",Normal,"Running 'ResourceManagerCtor' transform, heap at 181 MB."
"Message",Normal,"Running 'TypeofTypeHandle' transform, heap at 181 MB."
"Message",Normal,"Running 'DispatchProxyIntrinsics' transform, heap at 184 MB."
"Message",Normal,"Running 'StaticInitData' transform, heap at 184 MB."
"Message",Normal,"Running 'Delegate' transform, heap at 189 MB."
"Message",Normal,"Running 'LazyGenerics' transform, heap at 190 MB."
"Message",Normal,"Running 'AddReflectionBlockedAttributes' transform, heap at 195 MB."
"Message",Normal,"Running 'DisableOptimization' transform, heap at 195 MB."
"Message",Normal,"Running 'ResourceExtractor' transform, heap at 195 MB."
"Message",Normal,"Running 'CreateMetadata' transform, heap at 195 MB."
"Message",Normal,"Running 'StartupCodeInjector' transform, heap at 200 MB."
"Message",Normal,"Running 'SaveRVAStatics' transform, heap at 200 MB."
"Message",Normal,"Running 'ReflectionInvoke' transform, heap at 200 MB."
"Message",Normal,"Running 'ScrubOpenCalls' transform, heap at 200 MB."
"Message",Normal,"Running 'ConvertCatchIntoFilter' transform, heap at 200 MB."
"Message",Normal,"Running 'ReflectionMappingInfoEmit' transform, heap at 201 MB."
"Message",Normal,"Running 'ReflectionIntrinsics' transform, heap at 201 MB."
"Message",Normal,"Running 'ConvertManagedWinMD' transform, heap at 201 MB."
"Message",Normal,"Running 'DebuggerGuidedStepThroughJmc' transform, heap at 201 MB."
"Message",Normal,"Running 'Reducer' transform, heap at 202 MB."
"Message",High,"Cleaning up unreferenced code"
"Message",Normal,"Running 'WriteAssemblies' transform, heap at 228 MB."
"Message",Normal,""
"Message",Normal,"Transform summary"
"Message",Normal,"    ms | heap delta | name"
"Message",Normal,"  6239 |        141 | Analysis"
"Message",Normal,"  1777 |          0 | GenerateCodeAndCompile"
"Message",Normal,"  1137 |        -10 | Mcg"
"Message",Normal,"   574 |         15 | ReducedCopyInitialize"
"Message",Normal,"   556 |        -47 | WriteAssemblies"
"Message",Normal,"   322 |          9 | ReducedCopyComplete"
"Message",Normal,"   294 |         26 | Reducer"
"Message",Normal,"   233 |        -56 | ReducedCopyMethodBodies"
"Message",Normal,"   174 |         15 | DumpNativeResources"
"Message",Normal,"    74 |          8 | ReducedCopyPopulateTypes"
"Message",Normal,"    69 |         10 | ReducedCopyLateMetadata"
"Message",Normal,"    44 |          5 | CreateMetadata"
"Message",Normal,"    37 |          5 | StaticInitData"
"Message",Normal,"    27 |          5 | LazyGenerics"
"Message",Normal,"    26 |          2 | McgRedirect"
"Message",Normal,"    25 |          2 | McgTypeOf"
"Message",Normal,"    25 |          3 | TypeofTypeHandle"
"Message",Normal,"    14 |          0 | McgRedirect"
"Message",Normal,"    13 |          0 | SaveRVAStatics"
"Message",Normal,"     8 |          0 | ResourceExtractor"
"Message",Normal,"     7 |          2 | ReducedCopyEmptyTypes"
"Message",Normal,"     6 |          0 | McgFixups"
"Message",Normal,"     5 |          1 | DebuggerGuidedStepThroughJmc"
"Message",Normal,"     5 |          1 | GetType"
"Message",Normal,"     4 |          0 | DispatchProxyIntrinsics"
"Message",Normal,"     3 |          0 | ScrubOpenCalls"
"Message",Normal,"     2 |          0 | McgAccessor"
"Message",Normal,"     2 |          1 | Delegate"
"Message",Normal,"     2 |          0 | ReflectionIntrinsics"
"Message",Normal,"     1 |          0 | Attribute"
"Message",Normal,"     1 |          1 | ConvertCatchIntoFilter"
"Message",Normal,"     1 |          0 | ReducedCopyCleanup"
"Message",Normal,"     1 |          0 | EventSource"
"Message",Normal,"     0 |          0 | ConvertManagedWinMD"
"Message",Normal,"     0 |          0 | ReflectionMappingInfoEmit"
"Message",Normal,"     0 |          0 | StartupCodeInjector"
"Message",Normal,"     0 |          0 | ResourceManagerCtor"
"Message",Normal,"     0 |          0 | ValueType"
"Message",Normal,"     0 |          0 | DisableOptimization"
"Message",Normal,"     0 |          0 | AddReflectionBlockedAttributes"
"Message",Normal,"     0 |          0 | DeveloperExperienceModeOnlyCodeRemover"
"Message",Normal,"     0 |          0 | ReducedCopyPassResourcesToMutableAssembly"
"Message",Normal,"     0 |          0 | ReflectionInvoke"
"Message",Normal,"     0 |          0 | ComImportDetector"
"Message",Low,"Done executing task ""RunILTransforms""."
"Message",Low,"Done building target ""RunILTransforms"" in file ""ILTransforms""."
"Message",Low,"Done building project ""ILTransforms""."
"Message",Low,""
"Message",Low,""
"Message",Low,"Done building target ""GenerateMDIL"" in file ""Nutc""."
"Message",Low,""
"Message",High,"Generating native code"
"Message",Low,"Done building target ""MDILPrepareMultiFile"" in file ""Nutc""."
"Message",Low,""
"Message",Low,"Done building target ""SetBinaryForReferences"" in file ""Nutc""."
"Message",Low,""
"Message",Low,"Task ""GenerateMDILGlobalAnalysis"""
"Message",Normal,"Launching 'C:\Program Files (x86)\Microsoft SDKs\UWPNuGetPackages\runtime.win10-x64.microsoft.net.native.compiler\2.2.8-rel-28605-00\tools\x64\ilc\Tools\nutc_driver.exe @""C:\Users\te20ha3\source\repos\CNG Matvisare v2\CNG Matvisare v2\obj\x64\Release\ilc\intermediate\MDIL\CNG Matvisare v2.rsp""'"
"Message",Low,"Microsoft (R) MDIL Compiler - Version 2.2.28605.00"
"Message",Low,"Copyright (c) Microsoft Corporation.  All rights reserved."
"Message",Low,"Scanning input types"
"Message",Low,"Scanning 717 methods."
"Message",Low,"Scanning 2261 methods."
"Message",Low,"Scanning 1108 methods."
"Message",Low,"Scanning 359 methods."
"Message",Low,"Scanning 248 methods."
"Message",Low,"Scanning 117 methods."
"Message",Low,"Scanning 64 methods."
"Message",Low,"Scanning 57 methods."
"Message",Low,"Scanning 19 methods."
"Message",Low,"Scanning 9 methods."
"Message",Low,"Scanning 3 methods."
"Message",Low,"Scanning 2 methods."
"Message",Low,"Scanning 3 methods."
"Message",Low,"Scanning 2 methods."
"Message",Low,"Scanning 3 methods."
"Message",Low,"Scanning 18 methods."
"Message",Low,"Scanning 44 methods."
"Message",Low,"Scanning 20 methods."
"Message",Low,"Scanning 10 methods."
"Message",Low,"Scanning 6 methods."
"Message",Low,"Scanning 2 methods."
"Message",Low,"Eager code generation"
"Message",Low,"Compiling 5072 methods."
"Message",Low,"Deferred code generation"
"Message",Low,"Call to managed method Initialize succeeded; exit code: 0 while generating CTL.Stack trace metadata statistics"
"Message",Low,"Number of methods emitted:   2196"
"Message",Low,"Metadata blob size:          113435"
"Message",Low,"Method RVA - token map size: 17568"
"Message",Low,"Total native size:           131003"
"Message",Low,"Successfully generated 'C:\Users\te20ha3\source\repos\CNG Matvisare v2\CNG Matvisare v2\obj\x64\Release\ilc\intermediate\MDIL\CNG Matvisare v2.mdilexe'"
"Message",Low,"Successfully generated 'C:\Users\te20ha3\source\repos\CNG Matvisare v2\CNG Matvisare v2\obj\x64\Release\ilc\intermediate\MDIL\CNG Matvisare v2.mdilpdb'"
"Message",Low,"Compiled to MDIL code."
"Message",Normal,"'C:\Program Files (x86)\Microsoft SDKs\UWPNuGetPackages\runtime.win10-x64.microsoft.net.native.compiler\2.2.8-rel-28605-00\tools\x64\ilc\Tools\nutc_driver.exe @""C:\Users\te20ha3\source\repos\CNG Matvisare v2\CNG Matvisare v2\obj\x64\Release\ilc\intermediate\MDIL\CNG Matvisare v2.rsp""' completed."
"Message",Normal,"Process execution statistics (all times in milliseconds)"
"Message",Normal,"-----------------------------------------------------------------------------"
"Message",Normal,"launch  |  start   |   stop   |   end    | duration | lifetime | [slot] name"
"Message",Normal,"-----------------------------------------------------------------------------"
"Message",Normal,"       0 |        0 |     7641 |     7641 |     7641 |     7641 | [0] Nutc GlobalAnalysis"
"Message",Normal,"Number of commands:      1"
"Message",Normal,"Total system time:       7641 ms"
"Message",Normal,"System time per command: 7641 ms"
"Message",Normal,"Total duration:          7641 ms"
"Message",Normal,"Total lifetime:          7641 ms"
"Message",Normal,"Requested DOP:           8"
"Message",Normal,"Duration DOP:            1,0"
"Message",Normal,"Lifetime DOP:            1,0"
"Message",Low,"Done executing task ""GenerateMDILGlobalAnalysis""."
"Message",Low,"Done building target ""GenerateMDILGlobalAnalysis"" in file ""Nutc""."
"Message",Low,""
"Message",Low,"Task ""rc"""
"Message",Normal,"Launching 'C:\Program Files (x86)\Windows Kits\10\bin\10.0.18362.0\x64\rc.exe /c ""65001"" /r /fo ""C:\Users\te20ha3\source\repos\CNG Matvisare v2\CNG Matvisare v2\obj\x64\Release\ilc\intermediate\BuildInfo\BuildInfo.res"" ""C:\Users\te20ha3\source\repos\CNG Matvisare v2\CNG Matvisare v2\obj\x64\Release\ilc\intermediate\BuildInfo\BuildInfo.rc""'"
"Message",Low,"Microsoft (R) Windows (R) Resource Compiler Version 10.0.10011.16384"
"Message",Low,"Copyright (C) Microsoft Corporation.  All rights reserved."
"Message",Normal,"'C:\Program Files (x86)\Windows Kits\10\bin\10.0.18362.0\x64\rc.exe /c ""65001"" /r /fo ""C:\Users\te20ha3\source\repos\CNG Matvisare v2\CNG Matvisare v2\obj\x64\Release\ilc\intermediate\BuildInfo\BuildInfo.res"" ""C:\Users\te20ha3\source\repos\CNG Matvisare v2\CNG Matvisare v2\obj\x64\Release\ilc\intermediate\BuildInfo\BuildInfo.rc""' completed."
"Message",Normal,"Process execution statistics (all times in milliseconds)"
"Message",Normal,"-----------------------------------------------------------------------------"
"Message",Normal,"launch  |  start   |   stop   |   end    | duration | lifetime | [slot] name"
"Message",Normal,"-----------------------------------------------------------------------------"
"Message",Normal,"       0 |        0 |       47 |       47 |       47 |       47 | [0] rc"
"Message",Normal,"Number of commands:      1"
"Message",Normal,"Total system time:       47 ms"
"Message",Normal,"System time per command: 47 ms"
"Message",Normal,"Total duration:          47 ms"
"Message",Normal,"Total lifetime:          47 ms"
"Message",Normal,"Requested DOP:           8"
"Message",Normal,"Duration DOP:            1,0"
"Message",Normal,"Lifetime DOP:            1,0"
"Message",Low,"Done executing task ""rc""."
"Message",Low,"Task ""ResourceBinaryConcatenate"""
"Message",Normal,"Concatenating into 'C:\Users\te20ha3\source\repos\CNG Matvisare v2\CNG Matvisare v2\obj\x64\Release\ilc\intermediate\Native.res' with alignment '4'."
"Message",Normal," Added 'C:\Users\te20ha3\source\repos\CNG Matvisare v2\CNG Matvisare v2\obj\x64\Release\ilc\intermediate\ILTransformed\CNG Matvisare v2.res' at offset 0."
"Message",Normal," Added 'C:\Users\te20ha3\source\repos\CNG Matvisare v2\CNG Matvisare v2\obj\x64\Release\ilc\intermediate\BuildInfo\BuildInfo.res' at offset 1448."
"Message",Low,"Done executing task ""ResourceBinaryConcatenate""."
"Message",Low,"Done building target ""GenerateBuildInfo"" in file ""Nutc""."
"Message",Low,"Done building project ""Nutc""."
"Message",Low,""
"Message",Low,""
"Message",Low,"Done building target ""MDILBindPrepare"" in file ""Binder""."
"Message",Low,""
"Message",High,"Generating fixups for native code"
"Message",Low,"Task ""MDILBind"""
"Message",Normal,"Launching 'C:\Program Files (x86)\Microsoft SDKs\UWPNuGetPackages\runtime.win10-x64.microsoft.net.native.compiler\2.2.8-rel-28605-00\tools\x64\ilc\Tools\rhbind.exe @""C:\Users\te20ha3\source\repos\CNG Matvisare v2\CNG Matvisare v2\obj\x64\Release\ilc\intermediate\rhbindargs.CNG Matvisare v2.rsp""'"
"Message",Low,"OS VERSION: major: 6  minor: 2"
"Message",Low,"MDIL: C:\Users\te20ha3\source\repos\CNG Matvisare v2\CNG Matvisare v2\obj\x64\Release\ilc\intermediate\MDIL\CNG Matvisare v2.mdilexe"
"Message",Low,"MDILPDB: C:\Users\te20ha3\source\repos\CNG Matvisare v2\CNG Matvisare v2\obj\x64\Release\ilc\intermediate\MDIL\CNG Matvisare v2.mdilpdb"
"Message",Low,"IL: C:\Users\te20ha3\source\repos\CNG Matvisare v2\CNG Matvisare v2\obj\x64\Release\ilc\intermediate\MDIL\CNG Matvisare v2.ilexe"
"Message",Low,"NI: C:\Users\te20ha3\source\repos\CNG Matvisare v2\CNG Matvisare v2\obj\x64\Release\ilc\intermediate\Native\CNG Matvisare v2.dll"
"Message",Low,"SHIM: C:\Users\te20ha3\source\repos\CNG Matvisare v2\CNG Matvisare v2\obj\x64\Release\ilc\intermediate\Native\CNG Matvisare v2.exe"
"Message",Low,"REDHAWK_RUNTIME_DLL_NAME_A=mrt100_app.dll"
"Message",Low,"pdb: C:\Users\te20ha3\source\repos\CNG Matvisare v2\CNG Matvisare v2\obj\x64\Release\ilc\intermediate\Native\CNG Matvisare v2.pdb"
"Message",Low,"Produced C:\Users\te20ha3\source\repos\CNG Matvisare v2\CNG Matvisare v2\obj\x64\Release\ilc\intermediate\Native\CNG Matvisare v2.dll in 0.759 seconds"
"Message",Normal,"'C:\Program Files (x86)\Microsoft SDKs\UWPNuGetPackages\runtime.win10-x64.microsoft.net.native.compiler\2.2.8-rel-28605-00\tools\x64\ilc\Tools\rhbind.exe @""C:\Users\te20ha3\source\repos\CNG Matvisare v2\CNG Matvisare v2\obj\x64\Release\ilc\intermediate\rhbindargs.CNG Matvisare v2.rsp""' completed."
"Message",Normal,"Process execution statistics (all times in milliseconds)"
"Message",Normal,"-----------------------------------------------------------------------------"
"Message",Normal,"launch  |  start   |   stop   |   end    | duration | lifetime | [slot] name"
"Message",Normal,"-----------------------------------------------------------------------------"
"Message",Normal,"       0 |       16 |      797 |      797 |      781 |      797 | [0] rhbind CNG Matvisare v2"
"Message",Normal,"Number of commands:      1"
"Message",Normal,"Total system time:       797 ms"
"Message",Normal,"System time per command: 797 ms"
"Message",Normal,"Total duration:          781 ms"
"Message",Normal,"Total lifetime:          797 ms"
"Message",Normal,"Requested DOP:           8"
"Message",Normal,"Duration DOP:            1,0"
"Message",Normal,"Lifetime DOP:            1,0"
"Message",Low,"Done executing task ""MDILBind""."
"Message",Low,"Done building target ""MDILBind"" in file ""Binder""."
"Message",Low,"Done building project ""Binder""."
"Message",Low,""
"Message",Low,""
"Message",Low,"Done building target ""CopyNativeExecutablesToOutput"" in file ""Deployment""."
"Message",Low,""
"Message",Low,"Task ""TransformAppxManifest"""
"Message",Low,"Done executing task ""TransformAppxManifest""."
"Message",Low,"Done building target ""TransformAppxManifestAndAddCrt"" in file ""Deployment""."
"Message",Low,""
"Message",Low,"Done building target ""CopyPackageResourceFileInRetailBuild"" in file ""Deployment""."
"Message",Low,"Done building project ""Deployment""."
"Message",Low,"Compilation finished"
